startupID,startupName,ICBindustry,ICBsector,accelaratorResult,accelerator,accleratorDate,businessModel,,description,equityValuation,foundedDate,groupClassification,incubator,incubatorDate,incubatorResult,investmentStage,investorName,investorType,keyword,linkedinURL,dealInvestmentAmount,roundDate,roundInvestmentAmount,roundInvestorCount,roundLeadInvestorType,roundValuation,source,startupClassification,stageClassification,startupStatus,state,city,founderName,website,Lat,Lon,Old value
YNOS0309,BITE CLUB,Technology,Software & Computer Services,,,,B2C,," Bite Club enables users to order meal from a dynamic changing menu through its Android app. The food is prepared by aggregated people like home chefs, amateur chefs and professional chefs.","['', '']",,['Food Products'],,,,"['Seed Funding', 'Seed Funding']","['ALOK MITTAL', 'ASHISH KASHYAP']","['Angel', 'Angel']",['Food delivery'],"['', 'https://in.linkedin.com/in/ashishkashyap']","['', '']","[Timestamp('2015-03-09 00:00:00'), Timestamp('2015-03-09 00:00:00')]","[32.07624129, 32.07624129]",,,,TrakIn,['Hyperlocal and Logistics'],"['Pre-Seed', 'Pre-Seed']",Angel investment,Haryana,Gurgaon,"['Prateek Agarwal', 'Siddharth Sharma', 'Aushim Krishan']",http://www.biteclub.in,28.457523,77.026344,Gurgaon
YNOS0310,BITGIVING,Financials,Financial services,,,,B2C,,"BitGiving is an online crowdfunding platform to raise funds that gives wings to entrepreneurial ideas, creative minds and social issues.","['', '', '']",2013-05-12,['Crowdfunding'],,,,"['Seed Funding', 'Seed Funding', 'Seed Funding']","['HARMINDER SAHNI', 'KRISHNA MEHRA', 'SANJAY BAKSHI']","['Angel', 'Angel', 'Angel']",['Crowdfunding platform'],"['https://in.linkedin.com/in/harmindersahni', 'https://www.linkedin.com/in/kpowerinfinity', '']","['', '', '']","[Timestamp('2016-01-29 00:00:00'), Timestamp('2016-01-29 00:00:00'), Timestamp('2016-01-29 00:00:00')]","['', '', '']",,,,TrakIn,['Fin-Tech and Payments'],"['', '', '']",,Delhi,New Delhi,"['FAHAD MOTI KHAN', 'ISHITA ANAND', 'ISHITA ANAND']",http://www.bitgiving.com,28.526592,77.290169,New Delhi
YNOS0311,BITNOMIX TECHNOLOGIES,Technology,Software & Computer Services,,,,B2B,,We at Bitnomix build great mobile software driven by design and data.,"[817.9441528, 144.13112819999998]",2014-01-01,['Internet and software development'],,,,"['Seed', 'Seed']","['PRANAY CHULET', 'SAHIL BARUA']","['Angel', 'Angel']",['Mobile software'],"['', '']","['', '']","[Timestamp('2015-02-10 00:00:00'), Timestamp('2015-02-10 00:00:00')]","[32.71776611, 32.71776611]",,,,VCC,['Software and Internet Services'],"['Seed', 'Seed']",,Tamil Nadu,Chennai,"['MUTHUSAMY SADAIAPPAN', 'ARAVIND SADAIAPPAN', 'UMESH FERNANDO']",http://www.zimply.in,12.981241,80.20945,Chennai
YNOS0317,BLACKBUCK,Technology,Software & Computer Services,,,,B2B,,"Keeping technology at the core, BlackBuck is redefining the logistics landscape of India, making it reliable and efficient. Their approach to problems creates impact on the entire ecosystem of transportation, which stitches across large number of livelihoods.",[''],,['Transportation Services'],,,,['Private Equity'],['YURI MILNER'],['Angel'],"['Logistics services', 'Transportation']",[''],[''],[Timestamp('2015-12-10 00:00:00')],[1603.812064],,,,TrakIn,['Hyperlocal and Logistics'],['Series C or Higher'],Angel investment,Karnataka,Bengaluru,"['Chanakya Hridhaya', 'Rajesh Yabaji', 'Rama Subramanian B']",,13.094454,77.586014,Bengaluru
YNOS0318,BLACKCOTTON SOLUTIONS,Consumer Services,Retail,,,,B2C,,"Mobile based platform for on-demand utility services like plumbing, electrical, carpenter, repair, pest control etc. They have a mobile first (mobile only) approach. ","[140.4939368, 140.4939368, 140.4939368, 140.4939368, 140.4939368, 140.4939368, 140.4939368, 140.4939368, 140.4939368, 140.4939368, 140.4939368, 140.4939368, 140.4939368]",2014-01-01,['Utility services'],,,,"['Seed', 'Seed', 'Seed', 'Seed', 'Seed', 'Seed', 'Seed', 'Seed', 'Seed', 'Seed', 'Seed', 'Seed', 'Seed']","['AATIF AHMED MISBAH', 'AMITH SRIKRISHNA AGARWAL', 'ASHISH RAMESHKUMAR GOENKA', 'ASHWIN LIMAYE', 'GAGANKUMAR SURESHCHANDRA GOYAL', 'PIYUSH GOYAL', 'SAMEER RAJ PARWANI', 'SHUBHAM GUPTA', 'UTSAV SOMANI', 'VAMSI KRISHNA PARUCHURI', 'VINAY SOMANI', 'VISWANATH RAMACHANDRAN', 'ZISHAAN HAYATH']","['Angel', 'Angel', 'Angel', 'Angel', 'Angel', 'Angel', 'Angel', 'Angel', 'Angel', 'Angel', 'Angel', 'Angel', 'Angel']",['On demand utility services'],"['https://www.linkedin.com/in/aatifmisbah', 'http://www.vccircle.com/news/transportation/2016/02/18/idfc-pe-part-exits-staragri-part-temasek-deal', 'http://www.bloomberg.com/profiles/people/1915406-ashish-rameshkumar-goenka', 'https://www.linkedin.com/in/ashwinlimaye', '', '', '', '', '', '', '', '', '']","['', '', '', '', '', '', '', '', '', '', '', '', '']","[Timestamp('2015-03-01 00:00:00'), Timestamp('2015-03-01 00:00:00'), Timestamp('2015-03-01 00:00:00'), Timestamp('2015-03-01 00:00:00'), Timestamp('2015-03-01 00:00:00'), Timestamp('2015-03-01 00:00:00'), Timestamp('2015-03-01 00:00:00'), Timestamp('2015-03-01 00:00:00'), Timestamp('2015-03-01 00:00:00'), Timestamp('2015-03-01 00:00:00'), Timestamp('2015-03-01 00:00:00'), Timestamp('2015-03-01 00:00:00'), Timestamp('2015-03-01 00:00:00')]","[21.81184407, 21.81184407, 21.81184407, 21.81184407, 21.81184407, 21.81184407, 21.81184407, 21.81184407, 21.81184407, 21.81184407, 21.81184407, 21.81184407, 21.81184407]",,,,VCC,['Consumer Products and Services'],"['Pre-Seed', 'Pre-Seed', 'Pre-Seed', 'Pre-Seed', 'Pre-Seed', 'Pre-Seed', 'Pre-Seed', 'Pre-Seed', 'Pre-Seed', 'Pre-Seed', 'Pre-Seed', 'Pre-Seed', 'Pre-Seed']",Angel investment,Maharashtra,Mumbai,"['Naman Lahoty', 'Abhinav Agarwal']",http://www.doormint.in,19.180874,72.857452,Mumbai
YNOS0319,BLINGE,Consumer Goods,personal and household goods,,,,B2C,,An online fashion platform where women can rent entire looks for their special occasions without burning a hole in their wallet.,,2015-01-01,['Fashion'],,,,,['ANUPAM MITTAL'],,"['Fashion ', 'Women']",,,"[Timestamp('2016-07-01 00:00:00'), '', '']","['', '', '']","[1.0, '', '']","['Angel investors', '', '']","['', '', '']",VI,['Internet marketplace and e-commerce'],,Angel investment,Maharashtra,Mumbai,"['SHASHWAT GOPAL', 'POOJA DUBEY', 'SHIKHAR KHANNA']",http://www.blinge.in,19.180874,72.857452,Mumbai
YNOS0323,BLOOMSKART RETAIL,Consumer Goods,personal and household goods,,,,B2C,,"Bloomskart Retail Private Limited provides an online retail platform for grocery, household, and personal care products. It offers flowers; and gifts for various occasions, such as marriages, birthdays, and anniversaries.","['', '']",2013-01-01,['Marketplace'],,,,"['Seed', 'Seed']","['AJEET SINGH BALWANT SINGH KHURANA', 'ANIRUDDHA MALPANI']","['Angel', 'Angel']",['Marketplace for household product'],"['', '']","[5.773723432000001, 10.08385524]","[Timestamp('2015-08-11 00:00:00'), Timestamp('2016-04-11 00:00:00')]","[5.773723432000001, 10.08385524]",,,,VCC,['Internet marketplace and e-commerce'],"['Pre-Seed', 'Pre-Seed']",Angel investment,Rajasthan,Jaipur,['VISHWAS SHRINGI'],http://bloomskart.com,26.87063,75.693398,Jaipur
YNOS0324,BLUBOX,Technology,Software & Computer Services,,,,B2B,,"Blue Box Media Pvt. Ltd. Owns and manages two online portals, which are widely read across the nation. A Digital Media start-up from India, striving towards changing India's digital scenario.",[''],2011-01-01,['Technology and Software for the media and entertainment industry '],,,,['Seed Funding'],['ASHISH JHALANI'],['Angel'],['Digital Media'],['https://in.linkedin.com/in/ashishjhalani'],[6.415248257000001],[Timestamp('2015-09-04 00:00:00')],[6.415248257000001],,,,TrakIn,['Media Advertising and Gaming'],['Pre-Seed'],Angel investment,Rajasthan,Jaipur,"['Pawas Jain', 'Deepanshu Khandelwal']",http://blubox.in/index.html,26.87063,75.693398,Jaipur
YNOS0326,BLUE BOX MEDIA,Technology,Software & Computer Services,,,,B2B,,"Blue Box Media Pvt. Ltd. Owns and manages two online portals, which are widely read across the nation. A Digital Media start-up from India, striving towards changing India's digital scenario.","['', '', '', '', '', '', '', '', '', '', '', '', '']",2011-01-01,['Technology and Software for the media and entertainment industry '],,,,"['Seed', 'Seed', 'Seed', 'Seed', 'Seed', 'Seed', 'Seed', 'Seed', 'Seed', 'Seed', 'Seed', 'Seed', 'Seed']","['AJAY DATA', 'JITENDRA KUMAR AGARWAL', 'KAMAL KOTHARI', 'MAHAVIR PRATAP SHARMA', 'PUNEET MITTAL', 'SANJAY YADAV', 'SIDDHARTH AGARWAL', 'VIVEK NATHANY', 'YOGESH CHOUDHARY', 'AJAY DATTA', 'MAHAVIR P SHARMA', 'PUNEET MITTAL', 'SANJAY YADAV']","['Angel', 'Angel', 'Angel', 'Angel', 'Angel', 'Angel', 'Angel', 'Angel', 'Angel', 'Angel', 'Angel', 'Angel', 'Angel']",['Digital Media'],"['https://in.linkedin.com/in/ajaykdata', 'https://in.linkedin.com/in/jitendra-kumar-agarwal-8680606', 'http://www.guinessonline.net/kamalkumarkothari.aspx', 'https://in.linkedin.com/in/mahavir-pratap-sharma-26476915', '', '', '', '', '', 'https://in.linkedin.com/in/ajaydatta', 'https://in.linkedin.com/in/mahavir-pratap-sharma-26476915', '', '']","['', '', '', '', '', '', '', '', '', '', '', '', '']","[Timestamp('2014-09-12 00:00:00'), Timestamp('2014-09-12 00:00:00'), Timestamp('2014-09-12 00:00:00'), Timestamp('2014-09-12 00:00:00'), Timestamp('2014-09-12 00:00:00'), Timestamp('2014-09-12 00:00:00'), Timestamp('2014-09-12 00:00:00'), Timestamp('2014-09-12 00:00:00'), Timestamp('2014-09-12 00:00:00'), Timestamp('2014-11-07 00:00:00'), Timestamp('2014-11-07 00:00:00'), Timestamp('2014-11-07 00:00:00'), Timestamp('2014-11-07 00:00:00')]","['', '', '', '', '', '', '', '', '', '', '', '', '']",,,,VCC,['Media Advertising and Gaming'],"['', '', '', '', '', '', '', '', '', '', '', '', '']",Angel investment,Rajasthan,Jaipur,"['Pawas Jain', 'Deepanshu Khandelwal']",http://www.blueboxmedia.co,26.87063,75.693398,Jaipur
YNOS0328,BLUEBIRCH,Industrials,Industrial goods and services,,,,B2B2C,,"Blubirch offers End-To-End Reverse Logistics Solution that helps Retailers, Enterprises, and Individuals in maximizing the value from unutilized inventory in a transparent, trustful and compliant way and technology enabled platform ensures optimal recovery through smart channel allocation",[''],2014-01-01,['Delivery services and logistics'],,,,['Seed Funding'],['SANJAY MEHTA'],['Angel'],"['Reverse logistics', 'Maximize recovery from returns']",[''],[''],[Timestamp('2015-12-16 00:00:00')],[128.30496509999998],,,,TrakIn,['Hyperlocal and Logistics'],['Seed'],Angel investment,Karnataka,Bengaluru,['Sappan Jain'],,13.094454,77.586014,Bengaluru
YNOS0329,BLUEGAPE,Technology,Software & Computer Services,,,,B2B,,Bluegape Lifestyle operates Murmur App which is an online fan merchandise and customization platform.,,2015-01-01,['Enterprise Software'],,,,,[''],,['Online fan merchandise and customization platform'],[''],,[Timestamp('2015-04-04 00:00:00')],[12.83049651],,,,TrakIn,['Software and Internet Services'],['Pre-Seed'],Angel investment,Delhi,New Delhi,['Sahil Baghla'],http://www.bluegape.com,28.526592,77.290169,New Delhi
YNOS0331,BLUEGAPE LIFESTYLE,Technology,Software & Computer Services,,,,B2B,,Bluegape Lifestyle operates Murmur App which is an online fan merchandise and customization platform.,,2015-01-01,['Enterprise Software'],,,,,[''],,['Online fan merchandise and customization platform'],"['', 'https://in.linkedin.com/in/harmindersahni', '', '', '', 'https://in.linkedin.com/in/bhupendra-n-shah-bhupendra-n-shah-b80a6055', 'https://in.linkedin.com/in/bhupendra-n-shah-bhupendra-n-shah-b80a6055']",,"[Timestamp('2014-03-07 00:00:00'), Timestamp('2014-03-07 00:00:00'), Timestamp('2014-03-07 00:00:00'), Timestamp('2014-03-07 00:00:00'), Timestamp('2014-03-07 00:00:00'), Timestamp('2015-03-01 00:00:00'), Timestamp('2015-03-01 00:00:00')]","[23.80074301, 23.80074301, 23.80074301, 36.61652771, 23.80074301, 19.24574477, 25.0194682]",,,,VCC,['Software and Internet Services'],"['Pre-Seed', 'Pre-Seed', 'Pre-Seed', 'Seed', 'Pre-Seed', 'Pre-Seed', 'Pre-Seed']",Angel investment,Delhi,New Delhi,['Sahil Baghla'],http://bluegape.com,28.526592,77.290169,New Delhi
YNOS0332,BLUEGAPE.COM,Technology,Software & Computer Services,,,,B2B,,Bluegape Lifestyle operates Murmur App which is an online fan merchandise and customization platform.,,2015-01-01,['Enterprise Software'],,,,,[''],,['Online fan merchandise and customization platform'],[''],,[Timestamp('2015-08-20 00:00:00')],[38.49148954],,,,TrakIn,['Software and Internet Services'],['Seed'],Angel investment,Delhi,New Delhi,['Sahil Baghla'],,28.526592,77.290169,New Delhi
YNOS0334,BLUESTONE JEWELLERY AND LIFESTYLE,Consumer Goods,personal and household goods,,,,B2C,,Bluestone is an online retailer where users can purchase a variety of jewelry.,[1382.2739210000002],2011-01-01,['Personal Products'],,,,['Series B'],['RATAN NAVAL TATA'],['Angel'],['Online jewellery retailer'],[''],[''],[Timestamp('2014-03-11 00:00:00')],[429.6339252],,,,VCC,['Consumer Products and Services'],['Series B'],,Karnataka,Bengaluru,"['VIDYA NATARAJ', 'GAURAV KUSHWAHA']",http://www.bluestone.com,13.094454,77.586014,Bengaluru
YNOS0336,BODHI HEALTH EDUCATION,Healthcare,Healthcare,,,,B2C,,Bodhi Health Education has been formed with the mission of “Providing quality medical education.” They feel that healthcare in India can be significantly improved if they can improve the knowledge and awareness among health professionals and community health workers.,,2015-01-01,"['Traditional medical systems', 'Medical education']",,,,,[''],,['Medical education providers'],"['', '']",,"[Timestamp('2015-04-24 00:00:00'), Timestamp('2015-04-24 00:00:00')]","[3.2076241289999996, 7.0567730829999995]",,,,VCC,['Health-Tech'],"['Pre-Seed', 'Pre-Seed']",Angel investment,Haryana,Gurgaon,"['Abhinav Girdhar', 'Shrutika Girdhar']",http://www.bodhihealthedu.org,28.457523,77.026344,Gurgaon
YNOS0338,BOIBANIT,Consumer Goods,Food and beverage,,,,B2C,,Boibanit is a Food ordering marketplace,"['', '']",2014-01-01,['Food Products'],,,,"['Seed Funding', 'Seed Funding']","['ANUBHAV VERMA', 'VARUN AHUJA']","['Angel', 'Angel']",['Food ordering market place'],"['https://www.linkedin.com/in/anubhav-verma-b4163aa', '']","[4.8114361930000005, 4.8114361930000005]","[Timestamp('2015-11-03 00:00:00'), Timestamp('2015-11-03 00:00:00')]","[9.622872386000001, 9.622872386000001]",,,,TrakIn,['Hyperlocal and Logistics'],"['Pre-Seed', 'Pre-Seed']",Angel investment,Uttar Pradesh,Allahabad,"['Abhiudaya Parihar', 'Arunabh Parihar']",,,,Allahabad
YNOS0339,BOLLANT INDUSTRIES,Industrials,Industrial goods and services,,,,B2B,,Bollant produces eco-friendly disposable products and packaging solutions for manufacturers out of the natural leaf and recycled paper.,[''],2012-01-01,['Waste & Disposal Services'],,,,['Seed'],['RATAN NAVAL TATA'],['Angel'],['Eco-friendly disposable products producers'],[''],[''],[Timestamp('2016-02-15 00:00:00')],[''],,,,VCC,['Industrial and Business Products and Services'],[''],,Andhra Pradesh,Hyderabad,['SRIKANTH BOLLA'],http://www.bollant.com,17.437462,78.448288,Hyderabad
YNOS0341,CABSGURU,,,,,,,,,[''],,[],,,,['Seed Funding'],['PRASHANTH RANGANATHAN'],['Angel'],[],[''],[12.83049651],[Timestamp('2015-12-14 00:00:00')],[12.83049651],,,,TrakIn,[],['Pre-Seed'],,Delhi,New Delhi,"['VIKASH SINGH', 'PULKIT AHUJA']",http://cabsguru.com/,28.526592,77.290169,New Delhi
YNOS0342,CAKART.IN,,,,,,,,,[''],,[],,,,['Seed Funding'],['SUNIL MAHESHWARI'],['Angel'],[],[''],[''],[Timestamp('2015-06-18 00:00:00')],[''],,,,TrakIn,[],[''],,Karnataka,Bengaluru,[],,,,
YNOS0344,CAMPUS DIARIES MEDIA AND COMMUNICATIONS,,,,,,,,,"['', '', '']",2012-01-01,[],,,,"['Venture Capital', 'Series A', 'Series A']","['KSHITIJ SHAH', 'MOHANDAS PAI', 'RAVI MANTHA']","['Angel', 'Angel', 'Angel']",[],"['https://www.linkedin.com/in/kshitij-shah-7516a88', '', '']","['', '', '']","[Timestamp('2015-12-28 00:00:00'), Timestamp('2016-01-22 00:00:00'), Timestamp('2016-01-22 00:00:00')]","['', 14.78965435, 14.78965435]",,,,VCC,[],"['', 'Pre-Seed', 'Pre-Seed']",,Karnataka,Bengaluru,[],http://www.campusdiaries.com,,,
YNOS0348,CANVS,Consumer Services,Retail,,,,B2C,,Canvs is a community of designers and artists in India. It is created to make things simpler in the creative fields to allow people to know each other make a living out of it and grow it better than any other intellectual community in India.,,2010-01-01,['Connect to Professionals'],,,,,['PRATIK SEAL'],,['Community of designers and artists'],,,"[Timestamp('2016-09-01 00:00:00'), '', '']","['', '', '']","[1.0, '', '']","['Angel investors', '', '']","['', '', '']",VI,['Social Platforms'],,Angel investment,Maharashtra,Mumbai,[],,19.180874,72.857452,Mumbai
YNOS0349,CAPABILITI,,,,,,,,,"['', '']",,[],,,,"['Seed Funding', 'Seed Funding']","['GIRISH MATRUBOOTHAM', 'KUNAL BAHL']","['Angel', 'Angel']",[],"['https://angel.co/mrgirish', '']","['', '']","[Timestamp('2015-09-24 00:00:00'), Timestamp('2015-09-24 00:00:00')]","[25.66099303, 25.66099303]",,,,TrakIn,[],"['Pre-Seed', 'Pre-Seed']",,,,"['SACHIN GROVER', 'MRIGANK TRIPATHI']",http://www.qustn.com,,,Palo Alto
YNOS0351,CAPER,Consumer Goods,personal and household goods,,,,B2C,,Caper is an exciting grocery delivery start up bringing the best produce from the neighbourhood to your door on demand.,,,['Online Grocery'],,,,,"['KALPATARU VENTURES,CHENNAI ANGELS']",,"['Grocery delivery', 'Delivery solutions']",,,"[Timestamp('2015-09-01 00:00:00'), '', '']","['', '', '']","['', '', '']","['Venture capital', '', '']","['', '', '']",VI,['Hyperlocal and Logistics'],,VC Funded,,,[],,,,
YNOS0353,CAPRIA ACCELERATOR,Financials,Financial services,,,,B2B,,"Provide tools, training, connections, fundraising support and seed funding to new impact fund managers.","['', '']",2015-01-01,['Alternative Funding Platforms'],,,,"['Seed', 'Seed']","['BILL GATES', 'MOHANDAS PAI']","['Angel', 'Angel']","['Seed funding', 'Fundraising support']","['http://www.forbes.com/sites/kerryadolan/2016/12/12/bill-gates-launches-1-billion-breakthrough-energy-investment-fund/', '']","['', '']","[Timestamp('2016-02-04 00:00:00'), Timestamp('2016-02-04 00:00:00')]","['', '']",,,,VCC,['Fin-Tech and Payments'],"['', '']",Angel investment,,,[],http://capria.vc,,,
YNOS0354,CAPRICOAST HOME SOLUTIONS,Consumer Services,Retail,,,,B2C,,Start-up that do home interior design to kitchens pre-customized for project-specific floor plans,[179.39048190000003],2014-01-01,['Home and furniture'],,,,['Seed'],['VENK KRISHNAN'],['Angel'],['Interior designing'],[''],[''],[Timestamp('2015-02-19 00:00:00')],[56.45418466],,,,VCC,['Internet marketplace and e-commerce'],['Seed'],Angel investment,Karnataka,Bengaluru,['Jawad Ayaz'],http://www.capricoast.com,13.094454,77.586014,Bengaluru
YNOS0355,CARAVAN CRAFT,,,,,,,,,"['', '']",,[],,,,"['Private Equity', 'Private Equity']","['BIJOU KURIEN', 'NARAYAN RAMACHANDRAN']","['Angel', 'Angel']",[],"['http://www.business-standard.com/article/companies/retail-veteran-bijou-kurien-joins-l-capital-1140605002521.html', '']","['', '']","[Timestamp('2015-11-21 00:00:00'), Timestamp('2015-11-21 00:00:00')]","[76.98297909, 76.98297909]",,,,TrakIn,[],"['Seed', 'Seed']",,,,[],,,,
YNOS0356,CARAVAN CRAFT RETAIL,,,,,,,,,"['', '']",,[],,,,"['Seed Funding', 'Seed Funding']","['BIJOU KURIEN', 'NARAYAN RAMACHANDRAN']","['Angel', 'Angel']",[],"['http://www.business-standard.com/article/companies/retail-veteran-bijou-kurien-joins-l-capital-1140605002521.html', '']","['', '']","[Timestamp('2015-02-24 00:00:00'), Timestamp('2015-02-24 00:00:00')]","[32.07624129, 32.07624129]",,,,TrakIn,[],"['Pre-Seed', 'Pre-Seed']",,,,[],,,,
YNOS0357,CARAVAN EVOLVED CRAFT,,,,,,,,,"['', '']",2008-01-01,[],,,,"['Seed', 'Seed']","['BIJOU KURIEN', 'RAMACHANDRAN VISHWANATHAN NARAYAN']","['Angel', 'Angel']",[],"['http://www.business-standard.com/article/companies/retail-veteran-bijou-kurien-joins-l-capital-1140605002521.html', '']","['', '']","[Timestamp('2015-02-24 00:00:00'), Timestamp('2015-02-24 00:00:00')]","[30.79319163, 30.79319163]",,,,VCC,[],"['Pre-Seed', 'Pre-Seed']",,,,[],http://caravancraft.com,,,
YNOS0358,CARDBACK,Financials,Financial services,,,,B2C,,Cardback is a payment recommendation platform that helps credit debit prepaid cardholders save smart every time they pay.,,2013-01-01,['Payments and Wallet'],,,,,"['SUNIL KALRA,RAJAN ANANDAN,OTHERS']",,['Card payment'],,,"[Timestamp('2014-07-01 00:00:00'), '', '']","[1.0, '', '']","[3.0, '', '']","['Angel investors', '', '']","['', '', '']",VI,['Fin-Tech and Payments'],,Angel investment,New Delhi,New Delhi,"['NIDHI GURNANI', 'NIKHIL WASON']",http://cardback.in,28.526592,77.290169,New Delhi
YNOS0361,CAREERSTACK INNOVATIONS,Industrials,Industrial goods and services,,,,B2B,,"CareerStack Innovations Pvt. Ltd. operates HackerEarth Recruit, a cloud-based online recruitment solution for technical hiring needs. Its platform enables companies to hire developers and programmers by putting up online programming tests across various programming languages and platforms.",,2014-01-01,"['Business Support Services', 'Cloud Infrastructure']",,,,,[''],,['Cloud-based online recruitment solution for technical hiring needs'],"['', '', '', '', 'https://in.linkedin.com/in/harishbahl', '', '', '', '', '', '', '', '', '', '', '']",,"[Timestamp('2014-02-27 00:00:00'), Timestamp('2014-02-27 00:00:00'), Timestamp('2014-02-27 00:00:00'), Timestamp('2014-02-27 00:00:00'), Timestamp('2014-02-27 00:00:00'), Timestamp('2014-02-27 00:00:00'), Timestamp('2014-02-27 00:00:00'), Timestamp('2014-02-27 00:00:00'), Timestamp('2014-02-27 00:00:00'), Timestamp('2014-02-27 00:00:00'), Timestamp('2014-02-27 00:00:00'), Timestamp('2014-02-27 00:00:00'), Timestamp('2014-02-27 00:00:00'), Timestamp('2014-02-27 00:00:00'), Timestamp('2014-02-27 00:00:00'), Timestamp('2014-02-27 00:00:00')]","[1.830826386, '', 1.830826386, '', '', 1.830826386, '', 1.830826386, '', 1.830826386, '', '', 1.830826386, '', 1.830826386, '']",,,,VCC,"['Industrial and Business Products and Services', 'Software and Internet Services']","['Pre-Seed', '', 'Pre-Seed', '', '', 'Pre-Seed', '', 'Pre-Seed', '', 'Pre-Seed', '', '', 'Pre-Seed', '', 'Pre-Seed', '']",Angel investment,Karnataka,Bengaluru,['Ankit Appaiah'],http://www.hackerearth.com,13.094454,77.586014,Bengaluru
YNOS0362,CAREONGO,Healthcare,Healthcare,,,,B2B,,CareOnGo is India's first Mobile chain of Co-Branded Pharmacy stores. It offers services across preventive care.,,2015-01-01,['Diagnostics'],,,,,"['KONGLO VENTURES,SINGAPORE ANGEL NETWORK,ANUPAM MITTAL', 'FAROOQ OOMERBHOY']",,['Preventive diagnostics'],,,"[Timestamp('2016-02-01 00:00:00'), Timestamp('2016-04-01 00:00:00'), '']","[2.0, '', '']","[1.0, '', '']","['Angel investors', 'Venture Capital', '']","['', '', '']",VI,['Health-Tech'],,VC Funded,New Delhi,New Delhi,"['YOGESH AGARWAL', 'ADITYA KANDOI', 'RITU SINGH']",http://www.careongo.com,28.526592,77.290169,New Delhi
YNOS0363,CARESSA SOLUTIONS,,,,,,,,,"['', '', '']",2011-01-01,[],,,,"['Seed', 'Seed', 'Seed']","['ANIRUDDHA MALPANI', 'HETAL SONPAL', 'PRASHANT GIRISH CHOKSEY']","['Angel', 'Angel', 'Angel']",[],"['', 'https://in.linkedin.com/in/hetalsonpal', '']","['', '', '']","[Timestamp('2015-06-02 00:00:00'), Timestamp('2015-06-02 00:00:00'), Timestamp('2015-06-02 00:00:00')]","[22.453368899999997, 22.453368899999997, 22.453368899999997]",,,,VCC,[],"['Pre-Seed', 'Pre-Seed', 'Pre-Seed']",,,,[],http://www.allizhealth.com,,,
YNOS0366,CARTHERO TECHNOLOGIES,Industrials,Industrial goods and services,,,,B2B,,"They operates a B2B platform that enables businesses to deliver goods to their customers. It also offers a mobile application to order goods. It serves businesses across food and beverage, laundry, grocery, E-commerce, etc.",[171.2871285],2015-01-01,"['Business Support Services', 'Customer service for business', 'Delivery services and logistics']",,,,['Seed'],['ADIT PAREKH'],['Angel'],['Logistics service for business'],['https://in.linkedin.com/in/aditparekh'],[''],[Timestamp('2015-04-27 00:00:00')],[50.03893641],,,,VCC,"['Industrial and Business Products and Services', 'Hyperlocal and Logistics']",['Seed'],Angel investment,Karnataka,Bengaluru,"['Arpit Dave', 'Mohit Kumar']",https://runnr.in,13.094454,77.586014,Bengaluru
YNOS0367,CARTISAN,Consumer Services,Retail,,,,B2B2C,,"Cartisan helps car owners find the nearest, best value and quality car service providers and easily make bookings from car washes to regular maintenance and more.",[''],,['Booking'],,,,['Seed Funding'],['APRAMEYA RADHAKRISHNA'],['Angel'],['Booking - car service'],[''],[''],[Timestamp('2015-07-30 00:00:00')],[''],,,,TrakIn,['Internet marketplace and e-commerce'],[''],Angel investment,Karnataka,Bengaluru,"['Rajat Patni', 'Venkat Sreeram', 'Sharath Murthy']",,13.094454,77.586014,Bengaluru
YNOS0368,CARTRADE.COM,,,,,,,,,[''],,[],,,,['Private Equity'],['CHIP PERRY'],['Angel'],[],['http://www.indiainfoline.com/article/news-top-story/cartrade-com-finds-an-investor-in-chip-perry-1150210000161.html'],[''],[Timestamp('2015-02-10 00:00:00')],[''],,,,TrakIn,[],[''],,,,[],,,,
YNOS0369,CARVENICHE TECHNOLOGIES,Technology,Software & Computer Services,,,,B2C,,CarveNiche is an education technology company that offers products and services for K-12 education.,,2010-01-01,['Educational products and Services'],,,,,['LEAD ANGELS'],,['Educational products and services'],,,"[Timestamp('2015-04-01 00:00:00'), '', '']","['', '', '']","['', '', '']","['Angel forums', '', '']","['', '', '']",VI,['Edu-Tech'],,Angel investment,Karnataka,Bengaluru,"['AVNEET MAKKAR', 'SARASWATHY A']",http://carveniche.com/,13.094454,77.586014,Bengaluru
YNOS0371,CASA2 STAYS,,,,,,,,,"[7.698297909, '']",2012-01-01,[],,,,"['Seed', 'Series A']","['ANUPAM GOPAL MITTAL', 'MOHANDAS PAI']","['Angel', 'Angel']",[],"['', '']","['', '']","[Timestamp('2015-05-31 00:00:00'), Timestamp('2016-01-29 00:00:00')]","['', 537.8056128]",,,,VCC,[],"['', 'Series B']",,,,[],http://www.casa2inns.com,,,
YNOS0375,CATAPOOOLT,Consumer Services,Media,,,,B2C,,Catapooolt is India's first industry-backed and most rewarding crowd-engagement platform for movies music and performing arts.,,2012-01-01,['Movies and video'],,,,,[''],,['Crowd engagement platform for movies'],,,"[Timestamp('2014-04-01 00:00:00'), '', '']","['', '', '']","['', '', '']","['Venture Capital', '', '']","['', '', '']",VI,['Media Advertising and Gaming'],,VC Funded,Maharashtra,Mumbai,[],,19.180874,72.857452,Mumbai
YNOS0376,CATBUS INFOLABS,Consumer Services,Retail,,,,B2C,,Catbus Infolabs Pvt Ltd provides logistics services. The Company offers on-demand logistics services.,[''],2014-01-01,['Delivery services and logistics'],,,,['Seed'],['TIM DRAPER'],['Angel'],['Logistics services'],[''],[''],[Timestamp('2014-11-13 00:00:00')],[''],,,,Deal Curry,['Hyperlocal and Logistics'],[''],Angel investment,Karnataka,Bengaluru,[],,13.094454,77.586014,Bengaluru
YNOS0379,CBREX,Industrials,Industrial goods and services,,,,B2B,,"CBREX is a technology platform that helps recruitment firms across countries collaborate and earn. It allows its users to post jobs, exchange messages, send resumes, close positions, and receive payments.","['', '', '']",,"['Industrial Internet of Things', 'Professional services']",,,,"['Seed Funding', 'Seed Funding', 'Seed Funding']","['PRAHLAD RAO', 'SUNDARA RAJAN', 'VIKRAM CHACHRA']","['Angel', 'Angel', 'Angel']",['Collaborating recruiting firms'],"['', '', '']","[4.276832172, 4.276832172, 4.276832172]","[Timestamp('2015-12-18 00:00:00'), Timestamp('2015-12-18 00:00:00'), Timestamp('2015-12-18 00:00:00')]","[12.83049651, 12.83049651, 12.83049651]",,,,TrakIn,"['Technology', 'Industrial and Business Products and Services']","['Pre-Seed', 'Pre-Seed', 'Pre-Seed']",Angel investment,Maharashtra,Mumbai,"['Gautam Sinha', 'Ananad Karunjay', 'Sanjeev Punwani']",http://www.cbr.exchange/,19.180874,72.857452,Mumbai
YNOS0383,CENTERAC EMARKET PLACES,Industrials,Industrial goods and services,,,,B2B,,"Operates a B2B auction platform that facilitates buying and selling excess goods in the textile industry. It offers XSTOK, a marketplace that enables buyers and sellers to buy and sell hard-to-sell and slow moving stocks of apparels, home textiles, fabrics, and yarns.","['', '', '']",2015-01-01,['Buy and Sale goods and products'],,,,"['Seed', 'Seed', 'Seed']","['ANUPAM GOPAL MITTAL', 'MANISH MAHENDRA CHOKSI', 'VINEET SUCHANTI']","['Angel', 'Angel', 'Angel']",['Auction platform for buying and selling goods'],"['', '', '']","['', '', '']","[Timestamp('2015-09-17 00:00:00'), Timestamp('2015-09-17 00:00:00'), Timestamp('2015-09-17 00:00:00')]","[28.86861716, 28.86861716, 28.86861716]",,,,VCC,['Internet marketplace and e-commerce'],"['Pre-Seed', 'Pre-Seed', 'Pre-Seed']",Angel investment,Maharashtra,Mumbai,"['Sanjiv Jagdish Khandelwal', 'Mihir Shah']",http://www.xstok.com,19.180874,72.857452,Mumbai
YNOS0384,CERANA BEVERAGES,,,,,,,,,[57.97616888],2008-01-01,[],,,,['Seed'],['APURVA SALARPURIA'],['Angel'],[],[''],[1.830826386],[Timestamp('2014-03-31 00:00:00')],[1.830826386],,,,VCC,[],['Pre-Seed'],,,,[],http://www.bira91.com,,,
YNOS0386,CEREBRAHM INNOVATIONS,Healthcare,Healthcare,,,,B2C,,Women and baby care mobile solution which helps parents to keep a track on their health and their child’s health,,2016-01-01,['Healthcare Analytics and Software'],,,,,[''],,['Women and baby care mobile solution'],"['', '']",,"[Timestamp('2016-02-21 00:00:00'), Timestamp('2016-02-21 00:00:00')]","[67.2257016, 67.2257016]",,,,VCC,['Health-Tech'],"['Seed', 'Seed']",Angel investment,Karnataka,Bengaluru,['Shubashini Subramaniam'],http://www.babyberry.in,13.094454,77.586014,Bengaluru
YNOS0388,CHAAYOS,Consumer Goods,Food and beverage,,,,B2C,,It is a a contemporary interpretation of the chai adda.,,,['Food Products'],,,,,"['ZISHAAN HAYATH,POWAI LAKE VENTURES']",,['Coffee and beverages'],,,"[Timestamp('2014-07-01 00:00:00'), '', '']","[2.0, '', '']","['', '', '']","['Venture capital', '', '']","['', '', '']",VI,['Consumer Products and Services'],,VC Funded,Haryana,Gurgaon,['NITIN SALUJA'],http://www.chaayos.com/,28.457523,77.026344,Gurgaon
YNOS0389,CHAI POINT,Consumer Goods,Food and beverage,,,,B2C,,Chai Point is a F&B retail brand whose purpose is to serve the working Indian a great glass of Chai.,,2010-01-01,['Food Products'],,,,,"['DEEPAK SHAHDADPURI,OTHERS']",,['Coffee and beverages'],,,"[Timestamp('2015-01-01 00:00:00'), '', '']","[64.39, '', '']","[2.0, '', '']","['Angel investors', '', '']","['', '', '']",VI,['Consumer Products and Services'],,Angel investment,Karnataka,Bengaluru,['AMULEEK SINGH BIJRAL'],http://chaipoint.com/,13.094454,77.586014,Bengaluru
YNOS0391,CHALK FARM VENTURES,Technology,Software & Computer Services,,,,B2C,,Chalk Farm Ventures Private Limited operates a technology platform that facilitates EMI payment option for products purchased online or offline with partner merchants.,"[289.9692212, 289.9692212, 289.9692212]",2015-01-01,['Payments and Wallet'],,,,"['Seed', 'Seed', 'Seed']","['AMIT BHATIANI', 'ANURADHA DUGGAL', 'SHIVASHISH CHATTERJEE']","['Angel', 'Angel', 'Angel']",['Platform for making payments in EMI'],"['https://in.linkedin.com/in/amit-bhatiani-8112a6', 'https://www.linkedin.com/in/anu-duggal-568222', '']","['', '', '']","[Timestamp('2015-08-26 00:00:00'), Timestamp('2015-08-26 00:00:00'), Timestamp('2015-08-26 00:00:00')]","[107.13464590000001, 107.13464590000001, 107.13464590000001]",,,,VCC,['Fin-Tech and Payments'],"['Seed', 'Seed', 'Seed']",Angel investment,Karnataka,Bengaluru,[],http://zestmoney.in,13.094454,77.586014,Bengaluru
YNOS0394,CHALOGE KYA,Consumer Services,Retail,,,,B2C,,Chaloge Kya is a click-a-rick mobile app through which you could search and call nearby auto rickshaws for a pick up at your place.,,,['Automobiles & Auto Parts services'],,,,,['RAJASTHAN ANGEL INVESTOR NETWORK (RAIN)'],,['Automobile Service'],,,"[Timestamp('2014-11-01 00:00:00'), '', '']","['', '', '']","['', '', '']","['Angel forums', '', '']","['', '', '']",VI,['Consumer Products and Services'],,Angel investment,Rajasthan,Jaipur,[],,26.87063,75.693398,Jaipur
YNOS0397,CHANNELYST ADVISORY SERVICES,,,,,,,,,[''],2013-01-01,[],,,,[''],['SANJAY ANANDARAM'],['Angel'],[],[''],[''],[Timestamp('2015-01-30 00:00:00')],[''],,,,VCC,[],[''],,Karnataka,Bengaluru,['ANTERPREET SINGH'],http://www.channelyst.in,13.094454,77.586014,Bengaluru
YNOS0399,CHARCOAL BIRYANI RESTAURANTS,Consumer Goods,Food and beverage,,,,B2C,,"Start-up that delivers food on ordering through their app, website and call center","['', '']",2015-01-01,['Food Services'],,,,"['Seed', 'Seed']","['DEVENDRA RANE', 'VARUN DUA']","['Angel', 'Angel']","['Food processing', 'Food delivery']","['http://techcircle.vccircle.com/tag/devendra-rane/', '']","['', '']","[Timestamp('2016-02-21 00:00:00'), Timestamp('2016-02-21 00:00:00')]","[10.08385524, 10.08385524]",,,,VCC,"['Consumer Products and Services', 'Hyperlocal and Logistics']","['Pre-Seed', 'Pre-Seed']",Angel investment,Maharashtra,Mumbai,"['Mohammed Bhol', 'Krishnakanth Thakur', 'Anuraj Mehrotra']",https://charcoalbiryani.com,19.180874,72.857452,Mumbai
YNOS0402,CHATONGO,Industrials,Industrial goods and services,,,,B2B,,ChatOnGo is a hyper local platform bringing vendors closer to their customers. It helps vendors to showcase their products offers deals location etc. to their buyers,,2016-01-01,['Customer service for business'],,,,,"['JANAK JAIN,OTHERS']",,['Connects vendors and buyers'],,,"[Timestamp('2016-10-01 00:00:00'), '', '']","[1.92, '', '']","[2.0, '', '']","['Angel investors', '', '']","['', '', '']",VI,['Industrial and Business Products and Services'],,Angel investment,Maharashtra,Mumbai,"['RAHUL JAIN', 'PRIYANK RANKA', 'SAGAR NAGDA']",http://chatongo.com/,19.180874,72.857452,Mumbai
YNOS0405,CHEFHOST.KITCHEN,Technology,Software & Computer Services,,,,B2B,,ChefHost is an online peer-to-peer marketplace and community matching chef's expertise and availability with host's interest and requirements.,[''],2014-01-01,"['Marketplace', 'Connect to Professionals']",,,,['Seed'],['SURESH SELVARAJ'],['Angel'],['Social media platform for the culinary world.'],[''],[''],[Timestamp('2014-06-30 00:00:00')],[''],,,,VCC,"['Internet marketplace and e-Commerce', 'Social Platforms']",[''],Angel investment,Tamil Nadu,Chennai,"['Yiu Yin Yau', 'Abhi Nandhan Bala Subramanian']",https://chefhost.kitchen,12.981241,80.20945,Chennai
YNOS0406,CHEFS BASKET,,,,,,,,,[''],,[],,,,['Private Equity'],['HARESH CHAWLA'],['Angel'],[],['http://www.foundingfuel.com/contributor/haresh-chawla/'],[''],[Timestamp('2015-11-10 00:00:00')],[384.9148954],,,,TrakIn,[],['Series B'],,Maharashtra,Mumbai,[],http://www.chefsbasket.in/,19.180874,72.857452,Mumbai
YNOS0412,CHLOROPLAST FOODS INC.,Consumer Goods,Food and beverage,,,,B2C,,"Start-up provides nutritious snacking options. They offers choco chillers, flapjack fairies, sweety retreats, fruits and nuts extravaganza, fruits fosterage, scintillating savouries, and sassy seeds. It offers Snack Experts, a subscription based snack delivery platform.","['', '', '', '']",2014-01-01,['Food Products'],,,,"['Seed', 'Seed', 'Seed', 'Seed']","['AJEET SINGH BALWANT SINGH KHURANA', 'RAVI GURURAJ', 'TAHA NABEE', 'V C KARTHIK']","['Angel', 'Angel', 'Angel', 'Angel']","['Snack Manufacturers', 'Snack delivery']","['', '', '', '']","['', '', '', '']","[Timestamp('2015-02-01 00:00:00'), Timestamp('2015-02-01 00:00:00'), Timestamp('2015-02-01 00:00:00'), Timestamp('2015-02-01 00:00:00')]","[1.283049651, 1.283049651, 1.283049651, 1.283049651]",,,,VCC,['Consumer Products and Services'],"['Pre-Seed', 'Pre-Seed', 'Pre-Seed', 'Pre-Seed']",Angel investment,Tamil Nadu,Chennai,['Arul Muugan'],http://www.snackexperts.com,12.981241,80.20945,Chennai
YNOS0414,CHRONOSPHERE TECHNOLOGIES,Technology,Software & Computer Services,,,,B2C,,Chronosphere Technologies Pvt Ltd. owns and operates a Website that provides online bookings for tour and travel services.,"['', '']",2015-01-01,"['Booking', 'Travel & Tourism']",,,,"['Seed', 'Seed']","['SUBBA RAO TELIDEVARA', 'VENK KRISHNAN']","['Angel', 'Angel']",['Online booking for travels and tours'],"['', '']","['', '']","[Timestamp('2015-03-01 00:00:00'), Timestamp('2015-03-01 00:00:00')]","['', '']",,,,VCC,"['Internet marketplace and e-commerce', 'Consumer Products and Services']","['', '']",Angel investment,Karnataka,Bengaluru,['Rohan Ramdas Prabhu'],http://www.nomadly.in,13.094454,77.586014,Bengaluru
YNOS0416,CHYMERA VR,Technology,Software & Computer Services,,,,B2B,,Chymera VR provides a advertising and monetization network for mobile virtual reality.,,2015-01-01,['Software services for consumers'],,,,,[''],,['Virtual Reality platform'],,,"[Timestamp('2017-05-01 00:00:00'), '', '']","['', '', '']","[4.0, '', '']","['Angel investors', '', '']","['', '', '']",VI,['Software and Internet Services'],,Angel investment,,,"['SMEET BHATT', 'SUSHIL KUMAR']",http://www.chymeravr.com,,,San Francisco
YNOS0417,CIMPLYFIVE,Industrials,Industrial goods and services,,,,B2B,,CimplyFive helps companies be compliant with MCA requirements.,"['', '']",,"['Professional services', 'Business and Management consultancy']",,,,"['Seed Funding', 'Seed Funding']","['SURESH SENAPATY', 'UMANG KUMAR']","['Angel', 'Angel']","['Corporate governance', 'Compliance support services']","['', '']","['', '']","[Timestamp('2015-02-13 00:00:00'), Timestamp('2016-01-14 00:00:00')]","['', '']",,,,Deal Curry,['Industrial and Business Products and Services'],"['', '']",Angel investment,Karnataka,Bengaluru,[],,13.094454,77.586014,Bengaluru
YNOS0418,CINESTAAN ENTERTAINMENT,,,,,,,,,"[1979.1040870000002, 1979.1040870000002]",2013-01-01,[],,,,"['Seed', 'Seed']","['RADHAKISHAN DAMANI', 'RAKESH JHUNJHUNWALA']","['Angel', 'Angel']",[],"['', '']","[267.1950899, 267.1950899]","[Timestamp('2015-02-23 00:00:00'), Timestamp('2015-02-23 00:00:00')]","[534.3901798, 534.3901798]",,,,VCC,[],"['Series C or Higher', 'Series C or Higher']",,,,[],,,,
YNOS0421,CITY SYNAPSE INFORMATION,Technology,Software & Computer Services,,,,B2C,,City Synapse Information Pvt Ltd. operates an online property and apartment management platform for tenants and apartment owners. Its platform allows tenants to search and book apartments online.,,2015-01-01,"['Booking', 'Home Improvement Retailers']",,,,,[''],,['Online property and apartment management platform'],"['https://in.linkedin.com/in/atul-jalan-6b9210', 'https://in.linkedin.com/in/bharath-maguluri-7207a425', '', '']",,"[Timestamp('2015-06-10 00:00:00'), Timestamp('2015-06-10 00:00:00'), Timestamp('2015-06-10 00:00:00'), Timestamp('2015-06-10 00:00:00')]","[28.86861716, 28.86861716, 28.86861716, 28.86861716]",,,,VCC,"['Internet marketplace and e-commerce', 'Consumer Products and Services']","['Pre-Seed', 'Pre-Seed', 'Pre-Seed', 'Pre-Seed']",Angel investment,Karnataka,Bengaluru,['Kailash Rathi'],https://www.zenify.in,13.094454,77.586014,Bengaluru
YNOS0422,CITYFURNISH,Consumer Services,Retail,,,,B2C,,Cityfurnish brings online an eclectic mix of furniture and furnishing range at your doorstep. They gather bits and pieces from different eras to rent furniture and furnishing at affordable packages,[''],,['Online Rental'],,,,['Seed Funding'],['JITENDRA GUPTA'],['Angel'],"['Renting of furniture', 'Home renovation']",['https://in.linkedin.com/in/guptajiten'],[''],[Timestamp('2015-12-23 00:00:00')],[''],,,,TrakIn,['Internet marketplace and e-commerce'],[''],Angel investment,Haryana,Gurgaon,['Neerav Jain'],http://cityfurnish.com,28.457523,77.026344,Gurgaon
YNOS0423,CITYSHOR,Consumer Services,Retail,,,,B2C,,CityShor sifts through lots of places information food joints restaurants shopping hubs stores products and travel places in Ahmedabad.,,2012-01-01,['Local trip planners'],,,,,['GAIN NETWORK'],,['Software solutions'],,,"[Timestamp('2016-03-01 00:00:00'), '', '']","['', '', '']","['', '', '']","['Angel forums', '', '']","['', '', '']",VI,['Hyperlocal and Logistics'],,Angel investment,Gujarat,Ahmedabad,"['PALLAV PARIKH', 'PANKAJ PATHAK']",http://www.cityshor.com,23.00795,72.553757,Ahmedabad
YNOS0424,CIVILSDAILY,Consumer Services,Media,,,,B2C,,A platform that lets you understand news with context via crisp connected flashcards & rich infographic explainers.,,2015-01-01,['Media'],,,,,['MANOJ KUMAR'],,['News'],,,"[Timestamp('2016-03-01 00:00:00'), '', '']","['', '', '']","[1.0, '', '']","['Angel investors', '', '']","['', '', '']",VI,['Media Advertising and Gaming'],,Angel investment,New Delhi,New Delhi,[],,28.526592,77.290169,New Delhi
YNOS0431,CLEVERSHARKS,Technology,Software & Computer Services,,,,B2C,,"CleverSharks are smarter student community, equipped with correct resources and tools, where everyone takes an informed decision","['', '', '']",2014-01-01,['Online or other forms of student support'],,,,"['Seed', 'Seed', 'Seed']","['SUNIL KALRA', 'VIJAY TALREJA', 'VIKRAM CHACHRA']","['Angel', 'Angel', 'Angel']",['Educational services'],"['', '', '']","['', '', '']","[Timestamp('2015-02-01 00:00:00'), Timestamp('2015-02-01 00:00:00'), Timestamp('2015-02-01 00:00:00')]","[1.283049651, 1.283049651, 1.283049651]",,,,Deal Curry,['Edu-Tech'],"['Pre-Seed', 'Pre-Seed', 'Pre-Seed']",Angel investment,,,[],http://www.cleversharks.com,,,
YNOS0436,CLODURA SYSTEMS,Technology,Technology Hardware & Equipment,,,,B2B,,Clodura is an Automated platform which uses machine learning to find high value prospects which are more likely to close.,[''],2015-01-01,['Electronics'],,,,['Seed'],['AJAY DUBEY'],['Angel'],['Learning Prospects using Machines'],['https://www.facebook.com/public/Ajay-Dubey'],[''],[Timestamp('2016-03-31 00:00:00')],[''],,,,VCC,['Technology'],[''],Angel investment,Maharashtra,Pune,['SRIRAM KANNAN'],http://www.verayu.com/,18.50989,73.807182,Pune
YNOS0437,CLONECT,Technology,Software & Computer Services,,,,B2B,,Clonect is a dynamic IT solutions company focusing on niche products in the area of enterprise Governance.,,2014-01-01,['Enterprise Networking'],,,,,"['MOHANDAS PAI,OTHERS']",,['Software solutions'],,,"[Timestamp('2014-09-01 00:00:00'), '', '']","[1.6, '', '']","[2.0, '', '']","['Angel investors', '', '']","['', '', '']",VI,['Software and Internet Services'],,Angel investment,Karnataka,Bengaluru,[],,13.094454,77.586014,Bengaluru
YNOS0438,CLONECT SOLUTIONS,Technology,Software & Computer Services,,,,B2B,,"Clonect is a dynamic IT solutions company focusing on niche products in the area of enterprise Governance, Risk Management and Compliance Management (GRC) and software services.","['', '']",2014-01-01,"['IT Operations', 'Enterprise Software']",,,,"['Seed', 'Seed']","['MOHANDAS PAI', 'VENKATARAMAN BALAKRISHNAN']","['Angel', 'Angel']","['IT solution company', 'Helps organizations in leveraging technology']","['', '']","[7.323305542000001, 7.323305542000001]","[Timestamp('2014-09-19 00:00:00'), Timestamp('2014-09-19 00:00:00')]","[14.64661108, 14.64661108]",,,,VCC,['Software and Internet Services'],"['Pre-Seed', 'Pre-Seed']",Angel investment,Karnataka,Bengaluru,"['Shailesh Agarwal', 'Balaji Rao']",http://www.clonect.com,13.094454,77.586014,Bengaluru
YNOS0443,CLOUDACAR,Technology,Software & Computer Services,,,,B2C,,Cloudacar is a new social commute platform to build community of smart and responsible commuters for better tomorrow.,,2015-01-01,['Cloud Infrastructure'],,,,,"['SUMIT GOYAL,ANUJ PURI,AMIT CHOUDHARY']",,['Cloud based platform'],,,"[Timestamp('2016-03-01 00:00:00'), '', '']","['', '', '']","[3.0, '', '']","['Angel investors', '', '']","['', '', '']",VI,['Software and Internet Services'],,Angel investment,Maharashtra,Pune,[],http://cloudacar.org/,18.50989,73.807182,Pune
YNOS0444,CLOUDCHERRY,Technology,Software & Computer Services,,,,B2B,,CloudCherry collaborate with brands to help them win and deliver on something that's a little more than Consumer Satisfaction.,,2013-01-01,['Cloud Infrastructure'],,,,,"['CHENNAI ANGELS,OTHERS']",,['Cloud based platform for brand collaboration'],,,"[Timestamp('2015-05-01 00:00:00'), '', '']","[6.4, '', '']","['', '', '']","['Venture capital', '', '']","['', '', '']",VI,['Software and Internet Services'],,VC Funded,Tamil Nadu,Chennai,"['VINOD MUTHUKRISHNAN', 'SRIRAM SUBRAMANIAN']",http://www.getcloudcherry.com,12.981241,80.20945,Chennai
YNOS0445,CLOUDCHERRY ANALYTICS,,,,,,,,,"['', '', '', '', '', '', '', '', '', '', '', '', '', '']",2013-01-01,[],,,,"['Seed', 'Seed', 'Seed', 'Seed', 'Seed', 'Seed', 'Seed', 'Seed', 'Seed', 'Seed', 'Seed', 'Seed', 'Seed', 'Seed']","['ABDUL QADIR ABDUL RAHMAN BUHARI', 'ARUNDATHI KRISHNA', 'CHANDRASEKAR KANDASAMY', 'CHANDU NAIR', 'GOPAL PALLIPURAM SRINIVASAN', 'LAKSHMI NARAYANAN', 'MAHALINGAM KRISHNAMURTHY', 'MANIKKAM SABARATNAM KUMARAN', 'PADMA CHANDRASEKARAN', 'RANJEETH RATHOD', 'SAMEER MEHTA', 'SANDHYA SUBRAMANYAM', 'SRIRAM SUBRAMANYA', 'SRIRAM VIJI']","['Angel', 'Angel', 'Angel', 'Angel', 'Angel', 'Angel', 'Angel', 'Angel', 'Angel', 'Angel', 'Angel', 'Angel', 'Angel', 'Angel']",[],"['https://in.linkedin.com/in/abdulqadirbuhari', 'http://www.thehindu.com/news/cities/chennai/funding-fairies/article6993469.ece', 'https://in.linkedin.com/in/chandrasekar-kandasamy-71526948', '', '', '', 'https://in.linkedin.com/in/mahalingam-krishnamurthy-0697904', 'http://amarjothi.net/invcont.pdf', '', '', '', '', '', '']","['', '', '', '', '', '', '', '', '', '', '', '', '', '']","[Timestamp('2015-05-11 00:00:00'), Timestamp('2015-05-11 00:00:00'), Timestamp('2015-05-11 00:00:00'), Timestamp('2015-05-11 00:00:00'), Timestamp('2015-05-11 00:00:00'), Timestamp('2015-05-11 00:00:00'), Timestamp('2015-05-11 00:00:00'), Timestamp('2015-05-11 00:00:00'), Timestamp('2015-05-11 00:00:00'), Timestamp('2015-05-11 00:00:00'), Timestamp('2015-05-11 00:00:00'), Timestamp('2015-05-11 00:00:00'), Timestamp('2015-05-11 00:00:00'), Timestamp('2015-05-11 00:00:00')]","[39.13301437, 39.13301437, 39.13301437, 39.13301437, 39.13301437, 39.13301437, 39.13301437, 39.13301437, 39.13301437, 39.13301437, 39.13301437, 39.13301437, 39.13301437, 39.13301437]",,,,VCC,[],"['Seed', 'Seed', 'Seed', 'Seed', 'Seed', 'Seed', 'Seed', 'Seed', 'Seed', 'Seed', 'Seed', 'Seed', 'Seed', 'Seed']",,,,"['VINOD MUTHUKRISHNAN', 'SRIRAM SUBRAMANIAN']",http://www.getcloudcherry.com,,,Singapore
YNOS0451,COCOBERRY RESTAURANTS AND DISTRIBUTORS,,,,,,,,,"['', '']",2010-01-01,[],,,,"['Series A', 'Series A']","['PRIYANKA PANDIT', 'RAHUL MAHINDER KUMAR KHANNA']","['Angel', 'Angel']",[],"['', '']","['', '']","[Timestamp('2014-01-09 00:00:00'), Timestamp('2014-01-09 00:00:00')]","[50.04258787, 50.04258787]",,,,VCC,[],"['Seed', 'Seed']",,,,[],http://www.cocoberry.co.in,,,
YNOS0455,COINTRIBE TECHNOLOGIES,Financials,Financial services,,,,B2B2C,,CoinTribe is an online lending marketplace that provides small business and salaried individuals way to get funds/capital.,[''],2015-01-01,['Banking and Non Banking Financial services'],,,,['Seed'],['PUNEET YADU DALMIA'],['Angel'],"['Loan providers', 'Financial services']",[''],[''],[Timestamp('2015-05-18 00:00:00')],[''],,,,VCC,['Fin-Tech and Payments'],[''],Angel investment,Haryana,Gurgaon,"['Amit Sachdev', 'Rohit Lohia']",http://cointribe.com,28.457523,77.026344,Gurgaon
YNOS0457,COLDWELL REALTY,,,,,,,,,[''],2013-01-01,[],,,,['Seed'],['MILIND MEHERE'],['Angel'],[],['https://www.linkedin.com/in/milindmehere'],[''],[Timestamp('2016-03-04 00:00:00')],[''],,,,VCC,[],[''],,,,"['TREY CLARK', 'NAV ATHWAL', 'RAY STURM']",http://www.coldwellbanker.in,,,San Francisco
YNOS0459,COLLATEBOX INC,,,,,,,,,[''],,[],,,,['Seed'],['M V SUBRAMANIAN'],['Angel'],[],['http://techcircle.vccircle.com/2016/10/03/exclusive-speech-recognition-startup-uniphore-raises-2-mn-led-by-idg-ventures/'],[''],[Timestamp('2015-03-20 00:00:00')],[11.54744686],,,,Deal Curry,[],['Pre-Seed'],,,,[],,,,
YNOS0462,COLLEGEDUNIA,Consumer Services,Retail,,,,B2B2C,,"Collegedunia.com makes finding the suitable Colleges to enroll in and the ways to get in through easier for an Aspirant, One just need to check what stream he/she wants to enroll in and Collegedunia provides all the required information",[''],,['Educational products and Services'],,,,['Seed Funding'],['UMANG KUMAR'],['Angel'],['Website to find suitable colleges'],[''],[29.91543721],[Timestamp('2016-01-19 00:00:00')],[29.91543721],,,,TrakIn,['Edu-Tech'],['Pre-Seed'],Angel investment,Delhi,New Delhi,['Sahil Chalana'],http://collegedunia.com,28.526592,77.290169,New Delhi
YNOS0463,COLLEGEDUNIA WEB,Consumer Services,Retail,,,,B2B2C,,"Collegedunia.com makes finding the suitable Colleges to enroll in and the ways to get in through easier for an Aspirant, One just need to check what stream he/she wants to enroll in and Collegedunia provides all the required information",[''],,['Educational products and Services'],,,,['Seed Funding'],['UMANG KUMAR'],['Angel'],['Website to find suitable colleges'],[''],[29.91543721],[Timestamp('2014-11-05 00:00:00')],[9.76440739],,,,VCC,['Edu-Tech'],['Pre-Seed'],Angel investment,Delhi,New Delhi,['Sahil Chalana'],http://collegedunia.com,28.526592,77.290169,New Delhi
YNOS0466,COMMERCIO CONNECTIVITY,Technology,Software & Computer Services,,,,B2C,,Commercio Connectivity Pvt Ltd. provides a platform that allows users to book a professional chef for various occasions in Bengaluru.,"['', '', '', '', '']",2015-01-01,['Booking'],,,,"['Seed', 'Seed', 'Seed', 'Seed', 'Seed']","['AMIT RATHORE', 'ANEESH REDDY BODDU', 'KRISHNA KUMAR MEHRA', 'KUNAL NARESH SHAH', 'VENKAT RAMANA TADANKI']","['Angel', 'Angel', 'Angel', 'Angel', 'Angel']",['Online booking of professional chefs'],"['https://www.linkedin.com/in/amitrathore', '', '', '', '']","['', '', '', '', '']","[Timestamp('2016-06-08 00:00:00'), Timestamp('2016-06-08 00:00:00'), Timestamp('2016-06-08 00:00:00'), Timestamp('2016-06-08 00:00:00'), Timestamp('2016-06-08 00:00:00')]","['', '', '', '', '']",,,,VCC,['Internet marketplace and e-commerce'],"['', '', '', '', '']",Angel investment,Karnataka,Bengaluru,"['Harsh Singla', 'Ajay Modani', 'Prachi Modani']",https://cookifi.com,13.094454,77.586014,Bengaluru
YNOS0471,CONDIVISION SOLUTIONS,Technology,Software & Computer Services,,,,B2C,,"Condivision Solutions Private Limited provides an online platform for connecting renters with owners. It offers rental information for various products, including furniture, electronics and appliances, adventure gear, fancy dress, wedding chairs and tables, medical supplies, bikes and scooters, and other categories",,2015-01-01,['Online Rental'],,,,,[''],,['Online platform that connects renters and owners'],"['', 'https://in.linkedin.com/in/kalpanatatavarti', '', '', '', '', 'https://in.linkedin.com/in/kalpanatatavarti', '', '']",,"[Timestamp('2015-05-07 00:00:00'), Timestamp('2015-05-07 00:00:00'), Timestamp('2015-05-07 00:00:00'), Timestamp('2015-05-07 00:00:00'), Timestamp('2015-05-07 00:00:00'), Timestamp('2015-12-22 00:00:00'), Timestamp('2015-12-22 00:00:00'), Timestamp('2015-12-22 00:00:00'), Timestamp('2015-12-22 00:00:00')]","['', '', '', '', '', '', '', '', '']",,,,VCC,['Internet marketplace and e-commerce'],"['', '', '', '', '', '', '', '', '']",Angel investment,Karnataka,Bengaluru,['ANUBHAV JAIN'],http://www.rentongo.com,13.094454,77.586014,Bengaluru
YNOS0472,CONFIRM TICKET ONLINE SOLUTIONS,,,,,,,,,[''],2015-01-01,[],,,,['Seed'],['PRAVIN AGARWALA'],['Angel'],[],[''],[''],[Timestamp('2015-07-04 00:00:00')],[''],,,,VCC,[],[''],,,,"['RUBEN MEILAND', 'FRANS JONKER']",http://confirmtkt.com,,,Amsterdam
YNOS0474,CONFIRMTKT,Technology,Software & Computer Services,,,,B2C,,IRCTC train PNR predictor which is backed by a unique and efficient algorithm which predicts your IRCTC PNR in seconds based on historical trends.It also assists you in deciding whether to book or not if the train is in waitlist.,"['', '', '', '', '']",,['Booking'],,,,"['Seed', 'Seed Funding', 'Seed Funding', 'Seed Funding', 'Seed Funding']","['PRAVIN AGARWALA', 'ANAND LADSARIYA', 'DR. APOORV RANJAN SHARMA', 'KRISHNA JHUJHUNWALA', 'SANJAY MEHTA']","['Angel', 'Angel', 'Angel', 'Angel', 'Angel']",['IRCTC train PNR predictor'],"['', 'https://angel.co/anand-ladsariya', 'https://in.linkedin.com/in/dr-apoorv-ranjan-sharma-72a1268', 'https://in.linkedin.com/in/krishna-jhunjhunwala-4651236', '']","['', '', '', '', '']","[Timestamp('2015-07-06 00:00:00'), Timestamp('2016-01-08 00:00:00'), Timestamp('2016-01-08 00:00:00'), Timestamp('2016-01-08 00:00:00'), Timestamp('2016-01-08 00:00:00')]","[7.698297909, 16.8064254, 16.8064254, 16.8064254, 16.8064254]",,,,TrakIn,['Internet marketplace and e-commerce'],"['Pre-Seed', 'Pre-Seed', 'Pre-Seed', 'Pre-Seed', 'Pre-Seed']",Angel investment,Karnataka,Bengaluru,"['Dinesh Kumar', 'Sripad Vaidhya']",,13.094454,77.586014,Bengaluru
YNOS0475,CONFIRMTTKT,Technology,Software & Computer Services,,,,B2C,,IRCTC train PNR predictor which is backed by a unique and efficient algorithm which predicts your IRCTC PNR in seconds based on historical trends.It also assists you in deciding whether to book or not if the train is in waitlist.,"['', '', '', '', '']",,['Booking'],,,,"['Seed', 'Seed Funding', 'Seed Funding', 'Seed Funding', 'Seed Funding']","['PRAVIN AGARWALA', 'ANAND LADSARIYA', 'DR. APOORV RANJAN SHARMA', 'KRISHNA JHUJHUNWALA', 'SANJAY MEHTA']","['Angel', 'Angel', 'Angel', 'Angel', 'Angel']",['IRCTC train PNR predictor'],"['', 'https://angel.co/anand-ladsariya', 'https://in.linkedin.com/in/dr-apoorv-ranjan-sharma-72a1268', 'https://in.linkedin.com/in/krishna-jhunjhunwala-4651236', '']","['', '', '', '', '']","[Timestamp('2015-07-06 00:00:00'), Timestamp('2016-01-08 00:00:00'), Timestamp('2016-01-08 00:00:00'), Timestamp('2016-01-08 00:00:00'), Timestamp('2016-01-08 00:00:00')]","[7.698297909, 16.8064254, 16.8064254, 16.8064254, 16.8064254]",,,,TrakIn,['Internet marketplace and e-commerce'],"['Pre-Seed', 'Pre-Seed', 'Pre-Seed', 'Pre-Seed', 'Pre-Seed']",Angel investment,Karnataka,Bengaluru,"['Dinesh Kumar', 'Sripad Vaidhya']",,13.094454,77.586014,Bengaluru
YNOS0476,CONJOOS SOLUTIONS,Technology,Software & Computer Services,,,,B2C,,It is involved in software publishingconsultancy and other applications software.,,,['ERP'],,,,,['MUMBAI ANGELS'],,['Software solutions'],,,"[Timestamp('2014-09-01 00:00:00'), '', '']","[1.2, '', '']","['', '', '']","['Angel forums', '', '']","['', '', '']",VI,['Software and Internet Services'],,Angel investment,New Delhi,New Delhi,[],,28.526592,77.290169,New Delhi
YNOS0478,CONNECTABANK,,,,,,,,,[''],,[],,,,['Seed Funding'],['PRAKHAR BUMB'],['Angel'],[],[''],[''],[Timestamp('2015-09-21 00:00:00')],[''],,,,TrakIn,[],[''],,Maharashtra,Mumbai,"['TARUN KUMAR', 'GOPAL DHAR']",http://connectabank.com,19.180874,72.857452,Mumbai
YNOS0482,COOEY,Healthcare,Healthcare,,,,B2C,,"Cooey is a mobile healthcare platform customizable for remote care. It is an end to end family health monitoring IOT platform that intends to collect (device), store, analyze and provide insights of vital signs for patients.",[''],,['Telemedicine and Online health care platforms'],,,,['Seed Funding'],['SUBHASH GOYAL'],['Angel'],['Health care service providers through video chat'],[''],[30.15166681],[Timestamp('2015-05-19 00:00:00')],[30.15166681],,,,TrakIn,['Health-Tech'],['Pre-Seed'],Angel investment,Karnataka,Bengaluru,['Manu Madhusudhanan R'],,13.094454,77.586014,Bengaluru
YNOS0483,COOEY TECHNOLOGIES,Healthcare,Healthcare,,,,B2C,,"Cooey is a mobile healthcare platform customizable for remote care. It is an end to end family health monitoring IOT platform that intends to collect (device), store, analyze and provide insights of vital signs for patients.",[''],,['Telemedicine and Online health care platforms'],,,,['Seed Funding'],['SUBHASH GOYAL'],['Angel'],['Health care service providers through video chat'],[''],[30.15166681],[Timestamp('2015-05-19 00:00:00')],[30.15166681],,,,VCC,['Health-Tech'],['Pre-Seed'],Angel investment,Karnataka,Bengaluru,['Manu Madhusudhanan R'],http://cooey.co,13.094454,77.586014,Bengaluru
YNOS0484,COOKAROO,Consumer Goods,Food and beverage,,,,B2C,,Cookaro is a platform to get tasty good food.,,2015-01-01,['Food Services'],,,,,"['SACHINDRA MURUGESH,VIJAY KRISHNA YADAV']",,['online food ordering'],,,"[Timestamp('2016-03-01 00:00:00'), '', '']","['', '', '']","[2.0, '', '']","['Angel investors', '', '']","['', '', '']",VI,['Hyperlocal and Logistics'],,Angel investment,Karnataka,Bengaluru,"['DARSHAN SUBHASH', 'ERAJ HASSAN']",https://www.cookaroo.in/c#/landing,13.094454,77.586014,Bengaluru
YNOS0485,COOKAROO FOOD NETWORK,Technology,software & Computer Services,,,,B2C,,"Cookaroo Food Network Pvt. Ltd. provides online food delivery services in Bengaluru. It offers value meals, special meals, salads, and add-ons.","['', '']",2015-01-01,['Food Products'],,,,"['Seed', 'Seed']","['SACHINDRA MURUGESH', 'VIJAY KRISHNA YADAV']","['Angel', 'Angel']",['Food delivery '],"['', '']","['', '']","[Timestamp('2016-03-08 00:00:00'), Timestamp('2016-03-08 00:00:00')]","['', '']",,,,VCC,['Hyperlocal and Logistics'],"['', '']",Angel investment,Karnataka,Bengaluru,"['Eraj Hassan', 'Dharshan Subash']",https://www.cookaroo.in,13.094454,77.586014,Bengaluru
YNOS0486,COOKIFI,Consumer Goods,Food and beverage,,,,B2B,,Cookifi is a chef and cook hiring platform.,,2015-01-01,['Event Management'],Amrita - TBI,2017-02-01,,,"['KRISHNA MEHRA,KUNAL SHAH,ANEESH REDDY,OTHERS']",,['Cook hiring platform'],,,"[Timestamp('2016-06-01 00:00:00'), '', '']","['', '', '']","[4.0, '', '']","['Angel investors', '', '']","['', '', '']",VI,['Consumer Products and Services'],,Angel investment,,,[],https://cookifi.com,,,
YNOS0488,COOLSHARE,Consumer Services,Travel and Leisure,,,,B2C,,Zoomot Services which operates CoolShare a cab sharing service with dedicated routes in Mumbai,[''],,"['Taxi Services, Automobile pooling & Travel']",,,,['Seed Funding'],['GOPAL AGGARWAL'],['Angel'],['Cab sharing service'],['https://in.linkedin.com/in/gopal-aggarwal-03ab7525'],[6.415248257000001],[Timestamp('2015-12-07 00:00:00')],[6.415248257000001],,,,TrakIn,['Hyperlocal and Logistics'],['Pre-Seed'],Angel investment,Maharashtra,Mumbai,"['Youmit Singh', 'Navneet kumar', 'Randeep lobana']",,19.180874,72.857452,Mumbai
YNOS0490,CORAZA TECHNOLOGIES,,,,,,,,,[828.1438017999999],2009-01-01,[],,,,['Series A'],['HARMINDER SAHNI'],['Angel'],[],['https://in.linkedin.com/in/harmindersahni'],[''],[Timestamp('2014-06-04 00:00:00')],[245.9410111],,,,VCC,[],['Series B'],,,,[],https://www.helpchat.in,,,
YNOS0492,CORNER STORE TECHNOLOGIES,Healthcare,Healthcare,,,,B2C,,"Corner Store Technologies Pvt Ltd. operates as a pharmacy that focuses on chronic medicines. It offers services for patients taking medicines regularly for diabetes, heart related disorders, neuro patients, etc.","['', '', '', '', '', '', '']",2015-01-01,['Pharmacy & Medical Supplies'],,,,"['Seed', 'Seed', 'Seed', 'Seed', 'Seed', 'Seed', 'Seed']","['ALOK MITTAL', 'DHEERAJ JAIN', 'KUNAL NARESH SHAH', 'MOHAN LAKHAMRAJU', 'RAJUL GARG', 'RISHI MANDAWAT', 'SANDEEP TANDON']","['Angel', 'Angel', 'Angel', 'Angel', 'Angel', 'Angel', 'Angel']",['Pharmacy'],"['', '', '', 'http://bwdisrupt.businessworld.in/author/Guest-Author/Mohan-Lakhamraju-83368/', '', '', '']","[9.603671657000001, 9.603671657000001, 9.603671657000001, 9.603671657000001, 9.603671657000001, 9.603671657000001, 9.603671657000001]","[Timestamp('2016-03-21 00:00:00'), Timestamp('2016-03-21 00:00:00'), Timestamp('2016-03-21 00:00:00'), Timestamp('2016-03-21 00:00:00'), Timestamp('2016-03-21 00:00:00'), Timestamp('2016-03-21 00:00:00'), Timestamp('2016-03-21 00:00:00')]","[67.2257016, 67.2257016, 67.2257016, 67.2257016, 67.2257016, 67.2257016, 67.2257016]",,,,VCC,['Health-Tech'],"['Seed', 'Seed', 'Seed', 'Seed', 'Seed', 'Seed', 'Seed']",Angel investment,Rajasthan,Jaipur,"['Khrishna Killa', 'Rohit Mohta', 'Deepesh Rajpal']",http://www.lifcare.in,26.87063,75.693398,Jaipur
YNOS0494,CORPORATE WELLNESS SOLUTIONS,,,,,,,,,[''],2013-01-01,[],,,,['Seed'],['VAISHALI KASTURE'],['Angel'],[],[''],[''],[Timestamp('2014-08-28 00:00:00')],[61.02754619],,,,VCC,[],['Seed'],,,,[],http://www.itiffin.in,,,Bethesda
YNOS0497,COUPONHAAT,Consumer Services,Retail,,,,B2C,,Couponhaat's mission is to provide the best coupons and deals for online shoppers in India.,,2015-01-01,['Coupons and Deals'],,,,,['AXEL WAWRINA'],,['Online shopping '],,,"[Timestamp('2017-02-01 00:00:00'), '', '']","['', '', '']","[1.0, '', '']","['Angel investors', '', '']","['', '', '']",VI,['Internet marketplace and e-commerce'],,Angel investment,New Delhi,New Delhi,['VIPIN KUMAR YADAV'],https://www.couponhaat.in/,28.526592,77.290169,New Delhi
YNOS0498,COUPONRAJA,,,,,,,,,"['', '']",,[],,,,"['Seed Funding', 'Seed Funding']","['MAHESH PRATAPNENI', 'PALLAB CHATTERJEE']","['Angel', 'Angel']",[],"['http://techcircle.vccircle.com/tag/mahesh-pratapneni/', '']","['', '']","[Timestamp('2015-06-16 00:00:00'), Timestamp('2015-06-16 00:00:00')]","[32.07624129, 32.07624129]",,,,TrakIn,[],"['Pre-Seed', 'Pre-Seed']",,,,[],,,,
YNOS0499,COURSEWAVE.ORG,Technology,Software & Computer Services,,,,B2C,,Coursewave aims to partner leading educations institutions in India to provide online courses to be made accessible free of cost using the massive open online course (MOOC) model.,,,['Online courses and resources'],,,,,['GROWTHSTORY'],,['Online courses'],,,"[Timestamp('2015-02-01 00:00:00'), '', '']","['', '', '']","['', '', '']","['Angel forums', '', '']","['', '', '']",VI,['Edu-Tech'],,Angel investment,Maharashtra,Mumbai,[],,19.180874,72.857452,Mumbai
YNOS0508,CREDENCE FAMILY OFFICE LLP,,,,,,,,,[''],2010-01-01,[],,,,['Seed'],['VIKRAM KOTAK'],['Angel'],[],[''],[''],[Timestamp('2015-05-11 00:00:00')],[''],,,,VCC,[],[''],,,,[],http://www.credencefamilyoffice.com,,,
YNOS0509,CREDIHEALTH,,,,,,,,,"[125.7388658, '']",,[],,,,"['', 'Seed Funding']","['RAJAT MALHOTRA', 'RAJAT MALHOTRA']","['Angel', 'Angel']",[],"['', '']","[5.132198606, '']","[Timestamp('2015-09-23 00:00:00'), Timestamp('2015-09-23 00:00:00')]","[5.132198606, '']",,,,TrakIn,[],"['Pre-Seed', '']",,Haryana,Gurgaon,['RAVI VIRMANI'],https://www.credihealth.com/,28.457523,77.026344,Gurgaon
YNOS0512,CREDR,Consumer Goods,automobile and parts,,,,B2C,,Indias Only 100% Inspected and Certified Used Bikes Marketplace.,,2014-01-01,['Car Motorbike Industrial'],,,,,['GROWTHSTORY'],,['Bike marketplace'],,,"[Timestamp('2015-06-01 00:00:00'), '', '']","['', '', '']","['', '', '']","['Angel investors', '', '']","['', '', '']",VI,['Internet marketplace and e-commerce'],,Angel investment,Karnataka,Bengaluru,[],,13.094454,77.586014,Bengaluru
YNOS0515,CREO,Technology,Software & Computer Services,,,,B2C,,"Technology based company on a mission to build software that empowers every device. FUEL OS delivers its core promise of a new experience every month, by building features which stem from ideas and suggestions given by its community of users and makers on their proprietary Android based OS, Fuel.",[''],,"['Software services for consumers', 'Internet and software development']",,,,['Private Equity'],['ANAND CHANDRASEKARAN'],['Angel'],['Software developers for all devices'],[''],[''],[Timestamp('2016-01-21 00:00:00')],[201.67710480000002],,,,TrakIn,['Software and Internet Services'],['Series A'],Angel investment,Karnataka,Bengaluru,"['Shubh Malhotra', 'Sai Srinivas Kiran G']",,13.094454,77.586014,Bengaluru
YNOS0518,CROSSAHEAD,Technology,Software & Computer Services,,,,B2B2C,,Crossahead is an online platform for artists to connect with targeted consumers and vice versa. Users can book the desired services from the world class artists available at Crossahead.,,,['Connect to Professionals'],,,,,['MOHIT SHARMA'],,['Connects consumers'],,,"[Timestamp('2016-11-01 00:00:00'), '', '']","['', '', '']","[1.0, '', '']","['Angel investors', '', '']","['', '', '']",VI,['Social Platforms'],,Angel investment,Uttar Pradesh,Noida,['GAURAV WALIA'],http://www.crossahead.com/,28.535517,77.391029,Noida
YNOS0519,CROWN-IT,Consumer Services,Retail,,,,B2C,,Crown It is a mobile app which is set to revolutionize retail business in India. Its a customer club through which customers get cash back each time they visit and spend on retail outlets.,,2014-01-01,['Marketplace'],,,,,"['SANDEEP TANDON,KUNAL SHAH,ANAND CHANDRASEKARAN,GIRISH MATHRUBOOTHAM']",,['Online Marketplace'],,,"[Timestamp('2016-08-01 00:00:00'), '', '']","['', '', '']","[4.0, '', '']","['Angel investors', '', '']","['', '', '']",VI,['Internet marketplace and e-commerce'],,Angel investment,Haryana,Gurgaon,['SAMEER GROVER'],https://crownit.in/,28.457523,77.026344,Gurgaon
YNOS0521,CRUXIO LABS,Technology,Software & Computer Services,,,,B2C,,"Cruxio Labs Pvt. Ltd. owns and operates mobile application Bucker. It serves as an assisting layer over the existing applications on users device to avail simple services like ordering food, recharge, pop up and cab booking.","['', '', '']",2015-01-01,"['Internet and software development', 'Software services for consumers']",,,,"['Seed', 'Seed', 'Seed']","['MUNISH JAUHAR', 'PULKIT JAIN', 'ROHIT NARANG']","['Angel', 'Angel', 'Angel']",['Mobile application bucker'],"['', '', '']","['', '', '']","[Timestamp('2015-08-01 00:00:00'), Timestamp('2015-08-01 00:00:00'), Timestamp('2015-08-01 00:00:00')]","[5.773723432000001, 5.773723432000001, 5.773723432000001]",,,,VCC,['Software and Internet Services'],"['Pre-Seed', 'Pre-Seed', 'Pre-Seed']",Angel investment,Andhra Pradesh,Hyderabad,[],http://getbucker.com,17.437462,78.448288,Hyderabad
YNOS0525,CUBITO,,,,,,,,,[''],2013-01-01,[],,,,['Seed'],['SOL PRIMERO'],['Angel'],[],[''],[104.56854659999999],[Timestamp('2015-03-23 00:00:00')],[104.56854659999999],,,,Deal Curry,[],['Seed'],,,,[],,,,
YNOS0527,CUE LEARN,Technology,Software & Computer Services,,,,B2C,,Cuemath is an engaging ‘learning-by-doing’ methodology for students with face-to-face sessions from highly-trained Cuemath teachers.,,2015-01-01,['Online courses and resources'],,,,,[''],,['Online mathematics class'],[''],,[Timestamp('2015-08-03 00:00:00')],[''],,,,VCC,['Edu-Tech'],[''],Angel investment,Karnataka,Bengaluru,['Manan Khurma'],http://www.cuemath.com,13.094454,77.586014,Bengaluru
YNOS0528,CUELEARN,Technology,Software & Computer Services,,,,B2C,,Cuemath is an engaging ‘learning-by-doing’ methodology for students with face-to-face sessions from highly-trained Cuemath teachers.,,2015-01-01,['Online courses and resources'],,,,,[''],,['Online mathematics class'],[''],,[Timestamp('2015-08-03 00:00:00')],[''],,,,TrakIn,['Edu-Tech'],[''],Angel investment,Karnataka,Bengaluru,['Manan Khurma'],,13.094454,77.586014,Bengaluru
YNOS0529,CULT FITNESS,Healthcare,Healthcare,,,,B2C,,Cult is a group of fitness centres that focuses on functional training and group classes.,[''],2015-01-01,['Fitness & Wellness'],,,,['Seed'],['MUKESH BANSAL'],['Angel'],"['Machine and equipment free training programs.', 'Group of fitness centres']",[''],[''],[Timestamp('2016-04-05 00:00:00')],[''],,,,VCC,['Health-Tech'],[''],Angel investment,Karnataka,Bengaluru,['Rashab Telang'],http://www.cult.fitness,13.094454,77.586014,Bengaluru
YNOS0530,CULTUREALLEY,Technology,Software & Computer Services,,,,B2C,,CultureAlley offers self-paced audio-visual lessons and interactive practice exercises online.,,2012-01-01,['Online courses and resources'],500 Startups,2014-01-01,,,"['SUNIL KALRA,RAJAN ANANDAN,OTHERS']",,"['Video learning', 'Online courses']",,,"[Timestamp('2014-11-01 00:00:00'), '', '']","['', '', '']","[2.0, '', '']","['Angel investors', '', '']","['', '', '']",VI,['Edu-Tech'],,Angel investment,Rajasthan,Jaipur,[],http://culturealley.com/AboutUs.jsp,26.87063,75.693398,Jaipur
YNOS0532,CUREINSTANT,Healthcare,Healthcare,,,,B2C,,It is a social health networking site.Where people can follow Doctors Hospitals Pharmacy shop and company Fitness center Yoga instructor Health Magazine and many more which are related to health services.,,2015-01-01,['Telemedicine and Online health care platforms'],,,,,['RAMESHWAR KUMAR'],,['Connects doctors and patients'],,,"[Timestamp('2016-09-01 00:00:00'), '', '']","[1.0, '', '']","[1.0, '', '']","['Angel investors', '', '']","['', '', '']",VI,['Health-Tech'],,Angel investment,New Delhi,New Delhi,['HAMRAJ KUMAR'],https://www.cureinstant.com,28.526592,77.290169,New Delhi
YNOS0533,CUREJOY,,,,,,,,,"['', '', '']",,[],,,,"['Private Equity', 'Private Equity', 'Private Equity']","['LARRY BRAITMAN', 'SUBRATA MITRA', 'VENK KRISHNA']","['Angel', 'Angel', 'Angel']",[],"['https://www.linkedin.com/in/larrybraitman', '', '']","['', '', '']","[Timestamp('2015-09-18 00:00:00'), Timestamp('2015-09-18 00:00:00'), Timestamp('2015-09-18 00:00:00')]","[73.77535496, 73.77535496, 73.77535496]",,,,TrakIn,[],"['Seed', 'Seed', 'Seed']",,,,[],,,,
YNOS0536,CUSTOMER360,,,,,,,,,[''],,[],,,,['Seed Funding'],['VISHWAS PATEL'],['Angel'],[],[''],[''],[Timestamp('2015-05-05 00:00:00')],[''],,,,TrakIn,[],[''],,,,[],,,,
YNOS0537,CUSTOMER360 INC.,,,,,,,,,[''],2013-01-01,[],,,,['Seed'],['VISHWAS AMBALAL PATEL'],['Angel '],[],[''],[''],[Timestamp('2015-05-04 00:00:00')],[''],,,,VCC,[],[''],,,,[],http://www.customer360.co,,,
YNOS0539,CUSTOMFURNISH.COM,Consumer Goods,personal and household goods,,,,B2C,,"Customfurnish.com is a custom-made furniture e-tailer startup. Its designing tool helps the users design their furniture, have a look of the finish product, and get them delivered and installed in their homes within a very short span.","['', '', '', '']",,['Home and furniture'],,,,"['Private Equity', 'Private Equity', 'Private Equity', 'Private Equity']","['MADHUKAR GANGADI', 'SATISH REDDY', 'SRINI KOPPOLU', 'SRINI RAJU']","['Angel', 'Angel', 'Angel', 'Angel']","['Online furniture sellers', 'Furniture designers']","['http://www.business-standard.com/article/companies/serial-entrepreneur-madhukar-gangadi-raises-rs-16-cr-for-new-venture-1150304002741.html', '', '', '']","['', '', '', '']","[Timestamp('2015-03-05 00:00:00'), Timestamp('2015-03-05 00:00:00'), Timestamp('2015-03-05 00:00:00'), Timestamp('2015-03-05 00:00:00')]","[160.3812064, 160.3812064, 160.3812064, 160.3812064]",,,,TrakIn,['Internet marketplace and e-commerce'],"['Series A', 'Series A', 'Series A', 'Series A']",Angel investment,Andhra Pradesh,Hyderabad,['Madhukar Gangadi'],,17.437462,78.448288,Hyderabad
YNOS0541,CUTTING EDGE SOFTWARE,,,,,,,,,[297.81442539999995],2011-01-01,[],,,,['Seed'],['GULPREET KOHLI'],['Angel'],[],['http://www.vccircle.com/news/alternative-investment/2014/08/11/chryscapital-managing-director-gulpreet-kohli-quitting'],[''],[Timestamp('2014-08-19 00:00:00')],[36.00625225],,,,VCC,[],['Seed'],,,,[],,,,